assigned_by	bioentity	bioentity_label	reference	qualifier	annotation_class	annotation_class_label	evidence_type	evidence_with	bioentity_isoform	panther_family	date	annotation_extension_class	taxon	reannotation_action	reannotation_reasoning
BHF-UCL	UniProtKB:P61006	RAB8A	PMID:17574030		GO:0006904	vesicle docking involved in exocytosis	IDA		UniProtKB:P61006	PANTHER:PTHR47980	20080521		NCBITaxon:9606	REVIEW	PMID:17574030 describes RAB8A as part of the BBSome complex promoting ciliary membrane biogenesis via vesicular transport to the cilium. The paper does not directly demonstrate RAB8A mediating stable vesicle-to-membrane docking in exocytosis; RAB8 is a Rab GTPase involved in tethering/trafficking steps. Evidence does not directly support GO:0160321 vesicle docking activity.
BHF-UCL	MGI:MGI:1860485	Plek	PMID:19190246		GO:0006904	vesicle docking involved in exocytosis	IMP		MGI:MGI:1860485	PANTHER:PTHR12092	20090325		NCBITaxon:10090	REVIEW	PMID:19190246 shows pleckstrin-null platelets have a "marked defect in exocytosis of delta and alpha granules" after PKC stimulation, with granules merging but failing to empty contents. The paper describes impaired actin assembly and a step after granule fusion, not a direct docking activity. No direct evidence for GO:0160321 vesicle docking activity.
ComplexPortal	ComplexPortal:CPX-4944	exocyst_human-1	PMID:22420621		GO:0006904	vesicle docking involved in exocytosis	NAS				20251229		NCBITaxon:9606	TRANSFER GO:7770062 vesicle membrane tethering activity	PMID:22420621 (Heider & Munson 2012) explicitly describes the exocyst as "an evolutionarily conserved multisubunit protein complex implicated in tethering secretory vesicles to the plasma membrane." The exocyst functions as a tethering complex (long-range initial capture) rather than mediating stable close-apposition docking. Transfer to GO:0099023 vesicle tethering activity.
ComplexPortal	ComplexPortal:CPX-4943	exocyst_human	PMID:22420621		GO:0006904	vesicle docking involved in exocytosis	NAS				20251229		NCBITaxon:9606	TRANSFER GO:7770062 vesicle membrane tethering activity	PMID:22420621 (Heider & Munson 2012) explicitly describes the exocyst as "an evolutionarily conserved multisubunit protein complex implicated in tethering secretory vesicles to the plasma membrane." The exocyst functions as a tethering complex (long-range initial capture) rather than mediating stable close-apposition docking. Transfer to GO:0099023 vesicle tethering activity.
ComplexPortal	MGI:MGI:2142527	Exoc8	PMID:22420621		GO:0006904	vesicle docking involved in exocytosis	NAS		MGI:MGI:2142527	PANTHER:PTHR21426	20250305		NCBITaxon:10090	TRANSFER GO:7770062 vesicle membrane tethering activity	PMID:22420621 (Heider & Munson 2012) explicitly describes the exocyst as "an evolutionarily conserved multisubunit protein complex implicated in tethering secretory vesicles to the plasma membrane." The exocyst functions as a tethering complex (long-range initial capture) rather than mediating stable close-apposition docking. Transfer to GO:0099023 vesicle tethering activity.
ComplexPortal	MGI:MGI:1913732	Exoc2	PMID:22420621		GO:0006904	vesicle docking involved in exocytosis	NAS		MGI:MGI:1913732	PANTHER:PTHR13043	20250305		NCBITaxon:10090	TRANSFER GO:7770062 vesicle membrane tethering activity	PMID:22420621 (Heider & Munson 2012) explicitly describes the exocyst as "an evolutionarily conserved multisubunit protein complex implicated in tethering secretory vesicles to the plasma membrane." The exocyst functions as a tethering complex (long-range initial capture) rather than mediating stable close-apposition docking. Transfer to GO:0099023 vesicle tethering activity.
ComplexPortal	MGI:MGI:2145645	Exoc5	PMID:22420621		GO:0006904	vesicle docking involved in exocytosis	NAS		MGI:MGI:2145645	PANTHER:PTHR12100	20250305		NCBITaxon:10090	TRANSFER GO:7770062 vesicle membrane tethering activity	PMID:22420621 (Heider & Munson 2012) explicitly describes the exocyst as "an evolutionarily conserved multisubunit protein complex implicated in tethering secretory vesicles to the plasma membrane." The exocyst functions as a tethering complex (long-range initial capture) rather than mediating stable close-apposition docking. Transfer to GO:0099023 vesicle tethering activity.
ComplexPortal	MGI:MGI:1096376	Exoc4	PMID:22420621		GO:0006904	vesicle docking involved in exocytosis	NAS		MGI:MGI:1096376	PANTHER:PTHR14146	20250305		NCBITaxon:10090	TRANSFER GO:7770062 vesicle membrane tethering activity	PMID:22420621 (Heider & Munson 2012) explicitly describes the exocyst as "an evolutionarily conserved multisubunit protein complex implicated in tethering secretory vesicles to the plasma membrane." The exocyst functions as a tethering complex (long-range initial capture) rather than mediating stable close-apposition docking. Transfer to GO:0099023 vesicle tethering activity.
ComplexPortal	MGI:MGI:1923164	Exoc6b	PMID:22420621		GO:0006904	vesicle docking involved in exocytosis	NAS		MGI:MGI:1923164	PANTHER:PTHR12702	20250305		NCBITaxon:10090	TRANSFER GO:7770062 vesicle membrane tethering activity	PMID:22420621 (Heider & Munson 2012) explicitly describes the exocyst as "an evolutionarily conserved multisubunit protein complex implicated in tethering secretory vesicles to the plasma membrane." The exocyst functions as a tethering complex (long-range initial capture) rather than mediating stable close-apposition docking. Transfer to GO:0099023 vesicle tethering activity.
ComplexPortal	MGI:MGI:1351611	Exoc6	PMID:22420621		GO:0006904	vesicle docking involved in exocytosis	NAS		MGI:MGI:1351611	PANTHER:PTHR12702	20250305		NCBITaxon:10090	TRANSFER GO:7770062 vesicle membrane tethering activity	PMID:22420621 (Heider & Munson 2012) explicitly describes the exocyst as "an evolutionarily conserved multisubunit protein complex implicated in tethering secretory vesicles to the plasma membrane." The exocyst functions as a tethering complex (long-range initial capture) rather than mediating stable close-apposition docking. Transfer to GO:0099023 vesicle tethering activity.
ComplexPortal	UniProtKB:Q96KP1	EXOC2	PMID:22420621		GO:0006904	vesicle docking involved in exocytosis	NAS		UniProtKB:Q96KP1	PANTHER:PTHR13043	20251229		NCBITaxon:9606	TRANSFER GO:7770062 vesicle membrane tethering activity	PMID:22420621 (Heider & Munson 2012) explicitly describes the exocyst as "an evolutionarily conserved multisubunit protein complex implicated in tethering secretory vesicles to the plasma membrane." The exocyst functions as a tethering complex (long-range initial capture) rather than mediating stable close-apposition docking. Transfer to GO:0099023 vesicle tethering activity.
ComplexPortal	UniProtKB:Q9Y2D4	EXOC6B	PMID:22420621		GO:0006904	vesicle docking involved in exocytosis	NAS		UniProtKB:Q9Y2D4	PANTHER:PTHR12702	20251229		NCBITaxon:9606	TRANSFER GO:7770062 vesicle membrane tethering activity	PMID:22420621 (Heider & Munson 2012) explicitly describes the exocyst as "an evolutionarily conserved multisubunit protein complex implicated in tethering secretory vesicles to the plasma membrane." The exocyst functions as a tethering complex (long-range initial capture) rather than mediating stable close-apposition docking. Transfer to GO:0099023 vesicle tethering activity.
ComplexPortal	UniProtKB:Q9NV70	EXOC1	PMID:22420621		GO:0006904	vesicle docking involved in exocytosis	NAS		UniProtKB:Q9NV70	PANTHER:PTHR16092	20251229		NCBITaxon:9606	TRANSFER GO:7770062 vesicle membrane tethering activity	PMID:22420621 (Heider & Munson 2012) explicitly describes the exocyst as "an evolutionarily conserved multisubunit protein complex implicated in tethering secretory vesicles to the plasma membrane." The exocyst functions as a tethering complex (long-range initial capture) rather than mediating stable close-apposition docking. Transfer to GO:0099023 vesicle tethering activity.
ComplexPortal	UniProtKB:Q9UPT5	EXOC7	PMID:22420621		GO:0006904	vesicle docking involved in exocytosis	NAS		UniProtKB:Q9UPT5	PANTHER:PTHR12542	20251229		NCBITaxon:9606	TRANSFER GO:7770062 vesicle membrane tethering activity	PMID:22420621 (Heider & Munson 2012) explicitly describes the exocyst as "an evolutionarily conserved multisubunit protein complex implicated in tethering secretory vesicles to the plasma membrane." The exocyst functions as a tethering complex (long-range initial capture) rather than mediating stable close-apposition docking. Transfer to GO:0099023 vesicle tethering activity.
ComplexPortal	UniProtKB:Q96A65	EXOC4	PMID:22420621		GO:0006904	vesicle docking involved in exocytosis	NAS		UniProtKB:Q96A65	PANTHER:PTHR14146	20251229		NCBITaxon:9606	TRANSFER GO:7770062 vesicle membrane tethering activity	PMID:22420621 (Heider & Munson 2012) explicitly describes the exocyst as "an evolutionarily conserved multisubunit protein complex implicated in tethering secretory vesicles to the plasma membrane." The exocyst functions as a tethering complex (long-range initial capture) rather than mediating stable close-apposition docking. Transfer to GO:0099023 vesicle tethering activity.
ComplexPortal	UniProtKB:Q8IYI6	EXOC8	PMID:22420621		GO:0006904	vesicle docking involved in exocytosis	NAS		UniProtKB:Q8IYI6	PANTHER:PTHR21426	20251229		NCBITaxon:9606	TRANSFER GO:7770062 vesicle membrane tethering activity	PMID:22420621 (Heider & Munson 2012) explicitly describes the exocyst as "an evolutionarily conserved multisubunit protein complex implicated in tethering secretory vesicles to the plasma membrane." The exocyst functions as a tethering complex (long-range initial capture) rather than mediating stable close-apposition docking. Transfer to GO:0099023 vesicle tethering activity.
ComplexPortal	MGI:MGI:2443972	Exoc3	PMID:22420621		GO:0006904	vesicle docking involved in exocytosis	NAS		MGI:MGI:2443972	PANTHER:PTHR21292	20250305		NCBITaxon:10090	TRANSFER GO:7770062 vesicle membrane tethering activity	PMID:22420621 (Heider & Munson 2012) explicitly describes the exocyst as "an evolutionarily conserved multisubunit protein complex implicated in tethering secretory vesicles to the plasma membrane." The exocyst functions as a tethering complex (long-range initial capture) rather than mediating stable close-apposition docking. Transfer to GO:0099023 vesicle tethering activity.
ComplexPortal	MGI:MGI:1859270	Exoc7	PMID:22420621		GO:0006904	vesicle docking involved in exocytosis	NAS		MGI:MGI:1859270	PANTHER:PTHR12542	20250305		NCBITaxon:10090	TRANSFER GO:7770062 vesicle membrane tethering activity	PMID:22420621 (Heider & Munson 2012) explicitly describes the exocyst as "an evolutionarily conserved multisubunit protein complex implicated in tethering secretory vesicles to the plasma membrane." The exocyst functions as a tethering complex (long-range initial capture) rather than mediating stable close-apposition docking. Transfer to GO:0099023 vesicle tethering activity.
ComplexPortal	ComplexPortal:CPX-4983	exocyst_mouse-1	PMID:22420621		GO:0006904	vesicle docking involved in exocytosis	NAS				20250305		NCBITaxon:10090	TRANSFER GO:7770062 vesicle membrane tethering activity	PMID:22420621 (Heider & Munson 2012) explicitly describes the exocyst as "an evolutionarily conserved multisubunit protein complex implicated in tethering secretory vesicles to the plasma membrane." The exocyst functions as a tethering complex (long-range initial capture) rather than mediating stable close-apposition docking. Transfer to GO:0099023 vesicle tethering activity.
ComplexPortal	ComplexPortal:CPX-4982	exocyst_mouse	PMID:22420621		GO:0006904	vesicle docking involved in exocytosis	NAS				20250305		NCBITaxon:10090	TRANSFER GO:7770062 vesicle membrane tethering activity	PMID:22420621 (Heider & Munson 2012) explicitly describes the exocyst as "an evolutionarily conserved multisubunit protein complex implicated in tethering secretory vesicles to the plasma membrane." The exocyst functions as a tethering complex (long-range initial capture) rather than mediating stable close-apposition docking. Transfer to GO:0099023 vesicle tethering activity.
ComplexPortal	MGI:MGI:2445020	Exoc1	PMID:22420621		GO:0006904	vesicle docking involved in exocytosis	NAS		MGI:MGI:2445020	PANTHER:PTHR16092	20250305		NCBITaxon:10090	TRANSFER GO:7770062 vesicle membrane tethering activity	PMID:22420621 (Heider & Munson 2012) explicitly describes the exocyst as "an evolutionarily conserved multisubunit protein complex implicated in tethering secretory vesicles to the plasma membrane." The exocyst functions as a tethering complex (long-range initial capture) rather than mediating stable close-apposition docking. Transfer to GO:0099023 vesicle tethering activity.
ComplexPortal	UniProtKB:O60645	EXOC3	PMID:22420621		GO:0006904	vesicle docking involved in exocytosis	NAS		UniProtKB:O60645	PANTHER:PTHR21292	20251229		NCBITaxon:9606	TRANSFER GO:7770062 vesicle membrane tethering activity	PMID:22420621 (Heider & Munson 2012) explicitly describes the exocyst as "an evolutionarily conserved multisubunit protein complex implicated in tethering secretory vesicles to the plasma membrane." The exocyst functions as a tethering complex (long-range initial capture) rather than mediating stable close-apposition docking. Transfer to GO:0099023 vesicle tethering activity.
ComplexPortal	UniProtKB:Q8TAG9	EXOC6	PMID:22420621		GO:0006904	vesicle docking involved in exocytosis	NAS		UniProtKB:Q8TAG9	PANTHER:PTHR12702	20251229		NCBITaxon:9606	TRANSFER GO:7770062 vesicle membrane tethering activity	PMID:22420621 (Heider & Munson 2012) explicitly describes the exocyst as "an evolutionarily conserved multisubunit protein complex implicated in tethering secretory vesicles to the plasma membrane." The exocyst functions as a tethering complex (long-range initial capture) rather than mediating stable close-apposition docking. Transfer to GO:0099023 vesicle tethering activity.
ComplexPortal	UniProtKB:O00471	EXOC5	PMID:22420621		GO:0006904	vesicle docking involved in exocytosis	NAS		UniProtKB:O00471	PANTHER:PTHR12100	20251229		NCBITaxon:9606	TRANSFER GO:7770062 vesicle membrane tethering activity	PMID:22420621 (Heider & Munson 2012) explicitly describes the exocyst as "an evolutionarily conserved multisubunit protein complex implicated in tethering secretory vesicles to the plasma membrane." The exocyst functions as a tethering complex (long-range initial capture) rather than mediating stable close-apposition docking. Transfer to GO:0099023 vesicle tethering activity.
ComplexPortal	SGD:S000217784	CPX-1890	PMID:25232005		GO:0006904	vesicle docking involved in exocytosis	NAS				20250909		NCBITaxon:559292	TRANSFER GO:7770062 vesicle membrane tethering activity	PMID:25232005 (Luo et al. 2014) shows Sec3p recruits secretory vesicles and establishes exocyst assembly via Rab GTPase Sec4p, with the exocyst described as tethering vesicles during exocytosis. As the exocyst complex is a tethering factor, transfer to GO:0099023 vesicle tethering activity is appropriate.
ComplexPortal	SGD:S000000306	EXO84	PMID:25232005		GO:0006904	vesicle docking involved in exocytosis	NAS		SGD:S000000306	PANTHER:PTHR21426	20250909		NCBITaxon:559292	TRANSFER GO:7770062 vesicle membrane tethering activity	PMID:25232005 (Luo et al. 2014) shows Sec3p recruits secretory vesicles and establishes exocyst assembly via Rab GTPase Sec4p, with the exocyst described as tethering vesicles during exocytosis. As the exocyst complex is a tethering factor, transfer to GO:0099023 vesicle tethering activity is appropriate.
ComplexPortal	SGD:S000003202	SEC15	PMID:25232005		GO:0006904	vesicle docking involved in exocytosis	NAS		SGD:S000003202	PANTHER:PTHR12702	20250909		NCBITaxon:559292	TRANSFER GO:7770062 vesicle membrane tethering activity	PMID:25232005 (Luo et al. 2014) shows Sec3p recruits secretory vesicles and establishes exocyst assembly via Rab GTPase Sec4p, with the exocyst described as tethering vesicles during exocytosis. As the exocyst complex is a tethering factor, transfer to GO:0099023 vesicle tethering activity is appropriate.
ComplexPortal	SGD:S000002573	SEC5	PMID:25232005		GO:0006904	vesicle docking involved in exocytosis	NAS		SGD:S000002573	PANTHER:PTHR13043	20250909		NCBITaxon:559292	TRANSFER GO:7770062 vesicle membrane tethering activity	PMID:25232005 (Luo et al. 2014) shows Sec3p recruits secretory vesicles and establishes exocyst assembly via Rab GTPase Sec4p, with the exocyst described as tethering vesicles during exocytosis. As the exocyst complex is a tethering factor, transfer to GO:0099023 vesicle tethering activity is appropriate.
ComplexPortal	SGD:S000006259	SEC8	PMID:25232005		GO:0006904	vesicle docking involved in exocytosis	NAS		SGD:S000006259	PANTHER:PTHR14146	20250909		NCBITaxon:559292	TRANSFER GO:7770062 vesicle membrane tethering activity	PMID:25232005 (Luo et al. 2014) shows Sec3p recruits secretory vesicles and establishes exocyst assembly via Rab GTPase Sec4p, with the exocyst described as tethering vesicles during exocytosis. As the exocyst complex is a tethering factor, transfer to GO:0099023 vesicle tethering activity is appropriate.
ComplexPortal	SGD:S000003621	EXO70	PMID:25232005		GO:0006904	vesicle docking involved in exocytosis	NAS		SGD:S000003621	PANTHER:PTHR12542	20250909		NCBITaxon:559292	TRANSFER GO:7770062 vesicle membrane tethering activity	PMID:25232005 (Luo et al. 2014) shows Sec3p recruits secretory vesicles and establishes exocyst assembly via Rab GTPase Sec4p, with the exocyst described as tethering vesicles during exocytosis. As the exocyst complex is a tethering factor, transfer to GO:0099023 vesicle tethering activity is appropriate.
ComplexPortal	SGD:S000004156	SEC10	PMID:25232005		GO:0006904	vesicle docking involved in exocytosis	NAS		SGD:S000004156	PANTHER:PTHR12100	20250909		NCBITaxon:559292	TRANSFER GO:7770062 vesicle membrane tethering activity	PMID:25232005 (Luo et al. 2014) shows Sec3p recruits secretory vesicles and establishes exocyst assembly via Rab GTPase Sec4p, with the exocyst described as tethering vesicles during exocytosis. As the exocyst complex is a tethering factor, transfer to GO:0099023 vesicle tethering activity is appropriate.
ComplexPortal	SGD:S000000810	SEC3	PMID:25232005		GO:0006904	vesicle docking involved in exocytosis	NAS		SGD:S000000810	PANTHER:PTHR16092	20250909		NCBITaxon:559292	TRANSFER GO:7770062 vesicle membrane tethering activity	PMID:25232005 (Luo et al. 2014) shows Sec3p recruits secretory vesicles and establishes exocyst assembly via Rab GTPase Sec4p, with the exocyst described as tethering vesicles during exocytosis. As the exocyst complex is a tethering factor, transfer to GO:0099023 vesicle tethering activity is appropriate.
ComplexPortal	SGD:S000001330	SEC6	PMID:25232005		GO:0006904	vesicle docking involved in exocytosis	NAS		SGD:S000001330	PANTHER:PTHR21292	20250909		NCBITaxon:559292	TRANSFER GO:7770062 vesicle membrane tethering activity	PMID:25232005 (Luo et al. 2014) shows Sec3p recruits secretory vesicles and establishes exocyst assembly via Rab GTPase Sec4p, with the exocyst described as tethering vesicles during exocytosis. As the exocyst complex is a tethering factor, transfer to GO:0099023 vesicle tethering activity is appropriate.
ComplexPortal	FB:FBgn0290418	Exo84	PMID:25453831		GO:0006904	vesicle docking involved in exocytosis	NAS		FB:FBgn0290418		20240827		NCBITaxon:7227	TRANSFER GO:7770062 vesicle membrane tethering activity	PMID:25453831 is a review/reference for Drosophila exocyst complex components. The exocyst is canonically described as a tethering complex. Consistent with all other exocyst subunit annotations, transfer to GO:0099023 vesicle tethering activity is appropriate.
ComplexPortal	FB:FBgg0000107	EXOC	PMID:25453831		GO:0006904	vesicle docking involved in exocytosis	NAS				20240827		NCBITaxon:7227	TRANSFER GO:7770062 vesicle membrane tethering activity	PMID:25453831 is a review/reference for Drosophila exocyst complex. The exocyst is canonically described as a tethering complex. Consistent with all other exocyst subunit annotations, transfer to GO:0099023 vesicle tethering activity is appropriate.
ComplexPortal	FB:FBgn0266674	Sec15	PMID:25453831		GO:0006904	vesicle docking involved in exocytosis	NAS		FB:FBgn0266674	PANTHER:PTHR12702	20240827		NCBITaxon:7227	TRANSFER GO:7770062 vesicle membrane tethering activity	PMID:25453831 is a review/reference for Drosophila exocyst complex components. The exocyst is canonically described as a tethering complex. Consistent with all other exocyst subunit annotations, transfer to GO:0099023 vesicle tethering activity is appropriate.
ComplexPortal	FB:FBgn0266673	Sec10	PMID:25453831		GO:0006904	vesicle docking involved in exocytosis	NAS		FB:FBgn0266673	PANTHER:PTHR12100	20240827		NCBITaxon:7227	TRANSFER GO:7770062 vesicle membrane tethering activity	PMID:25453831 is a review/reference for Drosophila exocyst complex components. The exocyst is canonically described as a tethering complex. Consistent with all other exocyst subunit annotations, transfer to GO:0099023 vesicle tethering activity is appropriate.
ComplexPortal	FB:FBgn0266672	Sec8	PMID:25453831		GO:0006904	vesicle docking involved in exocytosis	NAS		FB:FBgn0266672	PANTHER:PTHR14146	20240827		NCBITaxon:7227	TRANSFER GO:7770062 vesicle membrane tethering activity	PMID:25453831 is a review/reference for Drosophila exocyst complex components. The exocyst is canonically described as a tethering complex. Consistent with all other exocyst subunit annotations, transfer to GO:0099023 vesicle tethering activity is appropriate.
ComplexPortal	FB:FBgn0266671	Sec6	PMID:25453831		GO:0006904	vesicle docking involved in exocytosis	NAS		FB:FBgn0266671	PANTHER:PTHR21292	20240827		NCBITaxon:7227	TRANSFER GO:7770062 vesicle membrane tethering activity	PMID:25453831 is a review/reference for Drosophila exocyst complex components. The exocyst is canonically described as a tethering complex. Consistent with all other exocyst subunit annotations, transfer to GO:0099023 vesicle tethering activity is appropriate.
ComplexPortal	FB:FBgn0266670	Sec5	PMID:25453831		GO:0006904	vesicle docking involved in exocytosis	NAS		FB:FBgn0266670	PANTHER:PTHR13043	20240827		NCBITaxon:7227	TRANSFER GO:7770062 vesicle membrane tethering activity	PMID:25453831 is a review/reference for Drosophila exocyst complex components. The exocyst is canonically described as a tethering complex. Consistent with all other exocyst subunit annotations, transfer to GO:0099023 vesicle tethering activity is appropriate.
ComplexPortal	FB:FBgn0266669	Sec3	PMID:25453831		GO:0006904	vesicle docking involved in exocytosis	NAS		FB:FBgn0266669	PANTHER:PTHR16092	20240827		NCBITaxon:7227	TRANSFER GO:7770062 vesicle membrane tethering activity	PMID:25453831 is a review/reference for Drosophila exocyst complex components. The exocyst is canonically described as a tethering complex. Consistent with all other exocyst subunit annotations, transfer to GO:0099023 vesicle tethering activity is appropriate.
ComplexPortal	FB:FBgn0266667	Exo70	PMID:25453831		GO:0006904	vesicle docking involved in exocytosis	NAS		FB:FBgn0266667	PANTHER:PTHR12542	20240827		NCBITaxon:7227	TRANSFER GO:7770062 vesicle membrane tethering activity	PMID:25453831 is a review/reference for Drosophila exocyst complex components. The exocyst is canonically described as a tethering complex. Consistent with all other exocyst subunit annotations, transfer to GO:0099023 vesicle tethering activity is appropriate.
ComplexPortal	PomBase:SPBC106.20	exo70	PMID:39330374		GO:0006904	vesicle docking involved in exocytosis	NAS		PomBase:SPBC106.20	PANTHER:PTHR12542	20250828		NCBITaxon:4896	TRANSFER GO:7770062 vesicle membrane tethering activity	PMID:39330374 is a review of the exocyst complex in fungi, describing it as "an evolutionarily conserved octameric protein assembly essential for vesicle binding and fusion at the plasma membrane." The exocyst is a tethering complex; transfer to GO:0099023 vesicle tethering activity is appropriate.
ComplexPortal	PomBase:SPCC622.10c	sec5	PMID:39330374		GO:0006904	vesicle docking involved in exocytosis	NAS		PomBase:SPCC622.10c	PANTHER:PTHR13043	20250828		NCBITaxon:4896	TRANSFER GO:7770062 vesicle membrane tethering activity	PMID:39330374 is a review of the exocyst complex in fungi, describing it as "an evolutionarily conserved octameric protein assembly essential for vesicle binding and fusion at the plasma membrane." The exocyst is a tethering complex; transfer to GO:0099023 vesicle tethering activity is appropriate.
ComplexPortal	PomBase:SPAC17G8.12	sec3	PMID:39330374		GO:0006904	vesicle docking involved in exocytosis	NAS		PomBase:SPAC17G8.12		20250828		NCBITaxon:4896	TRANSFER GO:7770062 vesicle membrane tethering activity	PMID:39330374 is a review of the exocyst complex in fungi, describing it as "an evolutionarily conserved octameric protein assembly essential for vesicle binding and fusion at the plasma membrane." The exocyst is a tethering complex; transfer to GO:0099023 vesicle tethering activity is appropriate.
ComplexPortal	ComplexPortal:CPX-26496	exocyst_schpo	PMID:39330374		GO:0006904	vesicle docking involved in exocytosis	NAS				20250828		NCBITaxon:284812	TRANSFER GO:7770062 vesicle membrane tethering activity	PMID:39330374 is a review of the exocyst complex in fungi, describing it as "an evolutionarily conserved octameric protein assembly essential for vesicle binding and fusion at the plasma membrane." The exocyst is a tethering complex; transfer to GO:0099023 vesicle tethering activity is appropriate.
ComplexPortal	PomBase:SPCC1235.10c	sec6	PMID:39330374		GO:0006904	vesicle docking involved in exocytosis	NAS		PomBase:SPCC1235.10c	PANTHER:PTHR21292	20250828		NCBITaxon:4896	TRANSFER GO:7770062 vesicle membrane tethering activity	PMID:39330374 is a review of the exocyst complex in fungi, describing it as "an evolutionarily conserved octameric protein assembly essential for vesicle binding and fusion at the plasma membrane." The exocyst is a tethering complex; transfer to GO:0099023 vesicle tethering activity is appropriate.
ComplexPortal	PomBase:SPAC6F12.08c	exo8	PMID:39330374		GO:0006904	vesicle docking involved in exocytosis	NAS		PomBase:SPAC6F12.08c		20250828		NCBITaxon:4896	TRANSFER GO:7770062 vesicle membrane tethering activity	PMID:39330374 is a review of the exocyst complex in fungi, describing it as "an evolutionarily conserved octameric protein assembly essential for vesicle binding and fusion at the plasma membrane." The exocyst is a tethering complex; transfer to GO:0099023 vesicle tethering activity is appropriate.
ComplexPortal	PomBase:SPCC970.09	sec8	PMID:39330374		GO:0006904	vesicle docking involved in exocytosis	NAS		PomBase:SPCC970.09	PANTHER:PTHR14146	20250828		NCBITaxon:4896	TRANSFER GO:7770062 vesicle membrane tethering activity	PMID:39330374 is a review of the exocyst complex in fungi, describing it as "an evolutionarily conserved octameric protein assembly essential for vesicle binding and fusion at the plasma membrane." The exocyst is a tethering complex; transfer to GO:0099023 vesicle tethering activity is appropriate.
ComplexPortal	PomBase:SPAC13F5.06c	sec10	PMID:39330374		GO:0006904	vesicle docking involved in exocytosis	NAS		PomBase:SPAC13F5.06c	PANTHER:PTHR12100	20250828		NCBITaxon:4896	TRANSFER GO:7770062 vesicle membrane tethering activity	PMID:39330374 is a review of the exocyst complex in fungi, describing it as "an evolutionarily conserved octameric protein assembly essential for vesicle binding and fusion at the plasma membrane." The exocyst is a tethering complex; transfer to GO:0099023 vesicle tethering activity is appropriate.
ComplexPortal	PomBase:SPCC1183.01	sec15	PMID:39330374		GO:0006904	vesicle docking involved in exocytosis	NAS		PomBase:SPCC1183.01	PANTHER:PTHR12702	20250828		NCBITaxon:4896	TRANSFER GO:7770062 vesicle membrane tethering activity	PMID:39330374 is a review of the exocyst complex in fungi, describing it as "an evolutionarily conserved octameric protein assembly essential for vesicle binding and fusion at the plasma membrane." The exocyst is a tethering complex; transfer to GO:0099023 vesicle tethering activity is appropriate.
HGNC-UCL	UniProtKB:O15498	YKT6	PMID:9211930		GO:0006904	vesicle docking involved in exocytosis	IDA		UniProtKB:O15498	PANTHER:PTHR45806	20060707		NCBITaxon:9606	TRANSFER GO:0160321 vesicle docking activity	PMID:9211930 identifies YKT6/Ykt6p as "a novel vesicle-associated SNARE functioning at the endoplasmic reticulum-Golgi transport step." As a v-SNARE, YKT6 directly mediates vesicle docking via trans-SNARE complex formation bringing membranes into close apposition. Transfer to GO:0160321 vesicle docking activity is supported.
MGI	MGI:MGI:1927580	Bloc1s6	PMID:10610180		GO:0006904	vesicle docking involved in exocytosis	TAS		MGI:MGI:1927580	PANTHER:PTHR31328	20010109		NCBITaxon:10090	REVIEW	PMID:10610180 shows pallidin (Bloc1s6) interacts with syntaxin 13, a t-SNARE involved in vesicle docking and fusion. The interaction with a SNARE protein implies a role in vesicle trafficking, but pallidin itself is not a direct mediator of vesicle docking activity. Evidence is indirect (protein interaction with a SNARE); REVIEW is warranted before assigning GO:0160321.
MGI	MGI:MGI:107363	Stxbp1	PMID:11545717		GO:0006904	vesicle docking involved in exocytosis	IMP	MGI:MGI:2183278	MGI:MGI:107363	PANTHER:PTHR11679	20100122	CL:0000336|EMAPA:18426	NCBITaxon:10090	TRANSFER GO:0160321 vesicle docking activity	PMID:11545717 directly demonstrates that Munc18-1 (Stxbp1) "promotes large dense-core vesicle docking" and that "Munc18-1 functions upstream of SNARE complex formation and promotes LDCV docking." Morphologically docked vesicles are reduced in Munc18-1-null chromaffin cells. Transfer to GO:0160321 vesicle docking activity is well-supported.
MGI	RGD:628659	Nrxn1	PMID:22235116		GO:0006904	vesicle docking involved in exocytosis	IMP		RGD:628659	PANTHER:PTHR15036	20131107		NCBITaxon:10116	TRANSFER GO:0160321 vesicle docking activity	PMID:22235116 shows neurexin-1α "interacts with membrane-bound components of the secretory granule-docking machinery" and that reduced neurexin-1α decreases granule docking. Neurexin-1α is identified as "the only transmembrane docking machinery component characterized thus far," directly supporting vesicle docking activity. Transfer to GO:0160321 is appropriate.
PINC	UniProtKB:Q6PUV4	CPLX2	PMID:7553862		GO:0006904	vesicle docking involved in exocytosis	TAS		UniProtKB:Q6PUV4	PANTHER:PTHR16705	20040715		NCBITaxon:9606	REVIEW	PMID:7553862 describes complexins as cytosolic proteins that "regulate the sequential interactions of alpha-SNAP and synaptotagmins with the SNAP receptor during exocytosis" by competing with alpha-SNAP for core complex binding. Complexins are regulatory proteins of the SNARE machinery, not direct mediators of vesicle docking. The TAS annotation to docking is not well-supported; consider GO:0140662 (SNARE complex assembly regulatory activity) or similar. REVIEW recommended.
PINC	RGD:70945	Cplx2	PMID:7553862		GO:0006904	vesicle docking involved in exocytosis	TAS		RGD:70945	PANTHER:PTHR16705	20061116		NCBITaxon:10116	REVIEW	PMID:7553862 describes complexins as cytosolic proteins that "regulate the sequential interactions of alpha-SNAP and synaptotagmins with the SNAP receptor during exocytosis" by competing with alpha-SNAP for core complex binding. Complexins are regulatory proteins of the SNARE machinery, not direct mediators of vesicle docking. The TAS annotation to docking is not well-supported; REVIEW recommended.
PINC	UniProtKB:Q7Z6M1	RABEPK	PMID:9230071		GO:0006904	vesicle docking involved in exocytosis	TAS		UniProtKB:Q7Z6M1	PANTHER:PTHR46647	20070906		NCBITaxon:9606	REVIEW	PMID:9230071 identifies p40 (RABEPK) as a Rab9 effector that acts with Rab9 GTPase to drive endosome-to-TGN transport vesicle docking; "p40 and Rab9 act together to drive the process of transport vesicle docking." However, p40/RABEPK is a Rab effector and the mechanism is more consistent with tethering/initial capture than stable docking. REVIEW recommended; consider GO:0099023 vesicle tethering activity.
PINC	UniProtKB:Q15836	VAMP3	PMID:9885218		GO:0006904	vesicle docking involved in exocytosis	TAS		UniProtKB:Q15836	PANTHER:PTHR45701	20030904		NCBITaxon:9606	TRANSFER GO:0160321 vesicle docking activity	PMID:9885218 identifies VAMP3 (human cellubrevin/Hceb) as a v-SNARE that "participated in alpha-SNAP-dependent 20S complex formation" in platelets. As a v-SNARE, VAMP3 directly mediates vesicle docking via trans-SNARE complex assembly. Transfer to GO:0160321 vesicle docking activity is appropriate.
ParkinsonsUK-UCL	MGI:MGI:1930705	Stx1b	PMID:18703708		GO:0006904	vesicle docking involved in exocytosis	IMP		MGI:MGI:1930705	PANTHER:PTHR19957	20160719	CL:0000166	NCBITaxon:10090	TRANSFER GO:0160321 vesicle docking activity	PMID:18703708 demonstrates that syntaxin-1 (Stx1b isoform context) forms SNARE complexes essential for synaptic vesicle fusion, with the closed conformation gating fusion initiation. Syntaxin is a core t-SNARE that directly mediates vesicle docking by forming trans-SNARE complexes. Transfer to GO:0160321 vesicle docking activity is supported.
ParkinsonsUK-UCL	MGI:MGI:107363	Stxbp1	PMID:18703708		GO:0006904	vesicle docking involved in exocytosis	IMP		MGI:MGI:107363	PANTHER:PTHR11679	20160719	CL:0000166	NCBITaxon:10090	TRANSFER GO:0160321 vesicle docking activity	PMID:18703708 shows Munc18-1 (Stxbp1) binding to syntaxin-1 is essential for exocytosis; "binding of Munc18-1 to syntaxin-1 was impaired in syntaxin-1B(Open) synapses, and the size of the readily releasable vesicle pool was decreased." Munc18/SM proteins promote SNARE-dependent docking. Transfer to GO:0160321 vesicle docking activity is supported.
RGD	RGD:619968	Stxbp3	PMID:15563604		GO:0006904	vesicle docking involved in exocytosis	TAS		RGD:619968	PANTHER:PTHR11679	20050629		NCBITaxon:10116	TRANSFER GO:0160321 vesicle docking activity	PMID:15563604 demonstrates that Munc18 proteins (SM proteins) "control multiple stages of exocytosis" including early (docking) stages, with mutations affecting both docking and fusion. Stxbp3 is a member of the Sec1/Munc18 family directly involved in vesicle docking. Transfer to GO:0160321 vesicle docking activity is appropriate.
SGD	SGD:S000002571	SEC1	PMID:10427089		GO:0006904	vesicle docking involved in exocytosis	IPI	SGD:S000003241	SGD:S000002571	PANTHER:PTHR11679	20190806		NCBITaxon:559292	TRANSFER GO:0160321 vesicle docking activity	PMID:10427089 shows yeast Sec1p "coprecipitates... the other two exocytic SNAREs (Sec9p and Sncp) in amounts and in proportions characteristic of SNARE complexes" and "the localization of GFP-tagged Sec1p coincides with sites of vesicle docking and fusion." Sec1p is an SM protein directly at the core of the exocytic docking/fusion machinery. Transfer to GO:0160321 vesicle docking activity is well-supported.
SGD	SGD:S000004138	PEP3	PMID:10978279		GO:0006904	vesicle docking involved in exocytosis	IMP		SGD:S000004138	PANTHER:PTHR23323	20130807		NCBITaxon:559292	REVIEW	PMID:10978279 shows the Pep3p/Pep5p complex "promotes vesicular docking/fusion reactions in conjunction with SNARE proteins at multiple steps in transport routes to the vacuole" and "may be responsible for tethering transport vesicles on target membranes." The paper explicitly names the role as tethering; this is better classified as GO:0099023 vesicle tethering activity or REVIEW for further assessment. The complex is not a direct SNARE-complex-mediated docking factor.
SGD	SGD:S000005853	MYO2	PMID:27307583		GO:0006904	vesicle docking involved in exocytosis	IGI	SGD:S000001562	SGD:S000005853	PANTHER:PTHR13140	20160804		NCBITaxon:559292	REVIEW	PMID:27307583 shows Myo2 (myosin-V) delivers secretory vesicles for polarized growth and that Smy1 enhances "the association of Myo2 with its receptor, the Rab Sec4, on secretory vesicles." Myo2 is a motor protein for vesicle transport, not a docking factor per se. The evidence supports a role in vesicle transport/delivery rather than stable docking. REVIEW recommended; the IGI evidence connecting Myo2 to docking via Smy1 interaction is indirect.
SGD	SGD:S000001562	SMY1	PMID:27307583		GO:0006904	vesicle docking involved in exocytosis	IGI	SGD:S000005853	SGD:S000001562	PANTHER:PTHR24115	20160804		NCBITaxon:559292	REVIEW	PMID:27307583 shows Smy1 enhances the association of Myo2 with Rab Sec4 on secretory vesicles. Smy1 is a kinesin-related protein that functions in vesicle transport with myosin-V, not in the terminal docking step. The IGI evidence linking Smy1 to docking is indirect. REVIEW recommended.
SGD	SGD:S000002731	PEP7	PMID:9168472		GO:0006904	vesicle docking involved in exocytosis	IMP		SGD:S000002731	PANTHER:PTHR13510	20130807		NCBITaxon:559292	TRANSFER GO:0160321 vesicle docking activity	PMID:9168472 concludes that "Pep7p functions as a novel regulator of vesicle docking and/or fusion at the endosome"; pep7 mutants "accumulate a 40-60-nm vesicle population, suggesting that Pep7p functions in a vesicle consumption step." The IMP evidence shows direct defect in vesicle docking at the endosome. Transfer to GO:0160321 vesicle docking activity is supported (noting Pep7p is EEA1-like and involved in late endosome docking).
SGD	SGD:S000005332	MSO1	PMID:9207091		GO:0006904	vesicle docking involved in exocytosis	IDA		SGD:S000005332		20130807		NCBITaxon:559292	TRANSFER GO:0160321 vesicle docking activity	PMID:9207091 shows Mso1p "is a component of the secretory vesicle docking complex whose function is closely associated with that of Sec1p"; mso1 null cells accumulate secretory vesicles, confirming the terminal docking step is impaired. Mso1p directly participates in secretory vesicle docking at the plasma membrane. Transfer to GO:0160321 vesicle docking activity is well-supported.
SGD	SGD:S000005332	MSO1	PMID:9207091		GO:0006904	vesicle docking involved in exocytosis	IMP		SGD:S000005332		20130807		NCBITaxon:559292	TRANSFER GO:0160321 vesicle docking activity	PMID:9207091 shows Mso1p "is a component of the secretory vesicle docking complex whose function is closely associated with that of Sec1p"; mso1 null cells accumulate secretory vesicles, confirming the terminal docking step is impaired. Mso1p directly participates in secretory vesicle docking at the plasma membrane. Transfer to GO:0160321 vesicle docking activity is well-supported.
UniProt	UniProtKB:Q96KP1	EXOC2	PMID:12459492		GO:0006904	vesicle docking involved in exocytosis	IDA		UniProtKB:Q96KP1	PANTHER:PTHR13043	20211115		NCBITaxon:9606	REVIEW	PMID:12459492 identifies DelGEF as a Sec5 (EXOC2) binding partner affecting proteoglycan secretion; the study addresses EXOC2/Sec5's role via a binding partner rather than directly demonstrating EXOC2 docking activity. EXOC2 is part of the exocyst tethering complex, not a direct docking factor. REVIEW recommended; consider GO:0099023 vesicle tethering activity (consistent with exocyst function).
UniProt	UniProtKB:Q9HCH5	SYTL2	PMID:18812475		GO:0006904	vesicle docking involved in exocytosis	IDA		UniProtKB:Q9HCH5	PANTHER:PTHR45716	20090720		NCBITaxon:9606	TRANSFER GO:0160321 vesicle docking activity	PMID:18812475 shows SYTL2/Slp2a-hem, a Rab27a effector, "is required for cytotoxic granule docking at the immunologic synapse" and that "overexpression of a dominant-negative form of Slp2a-hem markedly impaired exocytosis of cytotoxic granules." The Slp2a/Rab27a complex directly mediates granule docking at the plasma membrane. Transfer to GO:0160321 vesicle docking activity is well-supported.
UniProt	RGD:2954	Kcnb1	PMID:20484665		GO:0006904	vesicle docking involved in exocytosis	IDA		RGD:2954	PANTHER:PTHR11537	20150422		NCBITaxon:10116	REVIEW	PMID:20484665 shows Kv2.1 (Kcnb1) facilitates vesicle release via direct association with syntaxin but acts by "enhancing the rate of vesicle recruitment during stimulation with high Ca2+" without affecting the readily releasable pool. Kv2.1 is a voltage-gated K+ channel that modulates exocytosis via syntaxin interaction, not a canonical docking factor. REVIEW recommended; IDA evidence for exocytosis facilitation, not direct docking activity.
UniProt	AGI_LocusCode:AT1G18740	B1L	PMID:35249253		GO:0006904	vesicle docking involved in exocytosis	IMP		AGI_LocusCode:AT1G18740		20230322	GO:2000012	NCBITaxon:3702	REVIEW	PMID:35249253 shows B1L interacts with the exocyst and has "defective PIN exocytosis" in mutants, but B1L regulates PIN recycling via exocytic vesicle trafficking rather than directly mediating vesicle docking. The connection to exocyst suggests a regulatory/scaffolding role. REVIEW recommended; the annotation extension GO:2000012 (regulation of exocytosis) may be more appropriate than direct docking activity.
dictyBase	dictyBase:DDB_G0283937	sec1	PMID:20807800		GO:0006904	vesicle docking involved in exocytosis	IMP		dictyBase:DDB_G0283937	PANTHER:PTHR11679	20230314		NCBITaxon:44689	TRANSFER GO:0160321 vesicle docking activity	PMID:20807800 investigates SecA (Dictyostelium sec1) in exocytosis; sec1 mutants are defective in plasma membrane recycling and exocytosis, with vesicle accumulation phenotypes. Dictyostelium sec1 is an SM protein ortholog directly involved in vesicle docking/fusion. Transfer to GO:0160321 vesicle docking activity is appropriate for this SM protein family member.
FlyBase	FB:FBgn0011288	Snap25	PMID:10218158		GO:0016081	synaptic vesicle docking	NAS		FB:FBgn0011288	PANTHER:PTHR19305	20060803		NCBITaxon:7227	TRANSFER GO:0160321 vesicle docking activity	PMID:10218158 reviews mechanisms of neurotransmitter release and the role of SNAP-25 in the SNARE complex mediating synaptic vesicle docking and fusion. SNAP-25 is a core t-SNARE that directly forms trans-SNARE complexes mediating vesicle docking at the active zone. Transfer to GO:0160321 vesicle docking activity is appropriate.
FlyBase	FB:FBgn0290418	Exo84	PMID:10798391		GO:0016081	synaptic vesicle docking	NAS		FB:FBgn0290418		20070523		NCBITaxon:7227	TRANSFER GO:7770062 vesicle membrane tethering activity	PMID:10798391 is a genome-wide search for synaptic vesicle cycle proteins in Drosophila identifying fly homologs of vertebrate exocytosis/endocytosis genes. Exo84 is an exocyst subunit; exocyst is a tethering complex. Transfer to GO:0099023 vesicle tethering activity is appropriate, consistent with all other exocyst annotations.
FlyBase	FB:FBgn0013759	CASK	PMID:10798391		GO:0016081	synaptic vesicle docking	NAS		FB:FBgn0013759	PANTHER:PTHR23122	20070523		NCBITaxon:7227	REVIEW	PMID:10798391 is a genome-wide screen identifying Drosophila homologs of synaptic vesicle cycle proteins. CASK is a scaffold/adaptor protein (MAGUK family) with roles in organizing presynaptic machinery but is not a direct docking factor. NAS evidence from a bioinformatic screen is weak for docking activity. REVIEW recommended.
FlyBase	FB:FBgn0266673	Sec10	PMID:10798391		GO:0016081	synaptic vesicle docking	NAS		FB:FBgn0266673	PANTHER:PTHR12100	20070523		NCBITaxon:7227	TRANSFER GO:7770062 vesicle membrane tethering activity	PMID:10798391 identifies Sec10 as a Drosophila exocyst complex subunit. As an exocyst subunit, Sec10 is part of a tethering complex. Transfer to GO:0099023 vesicle tethering activity is appropriate, consistent with all other exocyst annotations.
FlyBase	FB:FBgn0266672	Sec8	PMID:10798391		GO:0016081	synaptic vesicle docking	NAS		FB:FBgn0266672	PANTHER:PTHR14146	20070523		NCBITaxon:7227	TRANSFER GO:7770062 vesicle membrane tethering activity	PMID:10798391 identifies Sec8 as a Drosophila exocyst complex subunit. As an exocyst subunit, Sec8 is part of a tethering complex. Transfer to GO:0099023 vesicle tethering activity is appropriate, consistent with all other exocyst annotations.
FlyBase	FB:FBgn0266671	Sec6	PMID:10798391		GO:0016081	synaptic vesicle docking	NAS		FB:FBgn0266671	PANTHER:PTHR21292	20070523		NCBITaxon:7227	TRANSFER GO:7770062 vesicle membrane tethering activity	PMID:10798391 identifies Sec6 as a Drosophila exocyst complex subunit. As an exocyst subunit, Sec6 is part of a tethering complex. Transfer to GO:0099023 vesicle tethering activity is appropriate, consistent with all other exocyst annotations.
FlyBase	FB:FBgn0266670	Sec5	PMID:10798391		GO:0016081	synaptic vesicle docking	NAS		FB:FBgn0266670	PANTHER:PTHR13043	20070523		NCBITaxon:7227	TRANSFER GO:7770062 vesicle membrane tethering activity	PMID:10798391 identifies Sec5 as a Drosophila exocyst complex subunit. As an exocyst subunit, Sec5 is part of a tethering complex. Transfer to GO:0099023 vesicle tethering activity is appropriate, consistent with all other exocyst annotations.
FlyBase	FB:FBgn0266667	Exo70	PMID:10798391		GO:0016081	synaptic vesicle docking	NAS		FB:FBgn0266667	PANTHER:PTHR12542	20070523		NCBITaxon:7227	TRANSFER GO:7770062 vesicle membrane tethering activity	PMID:10798391 identifies Exo70 as a Drosophila exocyst complex subunit. As an exocyst subunit, Exo70 is part of a tethering complex. Transfer to GO:0099023 vesicle tethering activity is appropriate, consistent with all other exocyst annotations.
MGI	MGI:MGI:1342278	Unc13b	PMID:19558619		GO:0016081	synaptic vesicle docking	IGI	MGI:MGI:3051532	MGI:MGI:1342278	PANTHER:PTHR10480	20110223	CL:0000117|EMAPA:32845	NCBITaxon:10090	TRANSFER GO:0160321 vesicle docking activity	PMID:19558619 demonstrates that Munc13s (Unc13a/b) are required for synaptic vesicle docking at the active zone: "In slice cultures from Munc13-deficient mice, vesicles are not docked to the active zone plasma membrane." Munc13 proteins directly mediate SNARE-dependent vesicle docking. Transfer to GO:0160321 vesicle docking activity is well-supported.
MGI	MGI:MGI:3051532	Unc13a	PMID:19558619		GO:0016081	synaptic vesicle docking	IGI	MGI:MGI:1342278	MGI:MGI:3051532	PANTHER:PTHR10480	20110223	CL:0000117|EMAPA:32845	NCBITaxon:10090	TRANSFER GO:0160321 vesicle docking activity	PMID:19558619 demonstrates that Munc13s (Unc13a/b) are required for synaptic vesicle docking at the active zone: "In slice cultures from Munc13-deficient mice, vesicles are not docked to the active zone plasma membrane." Munc13 proteins directly mediate SNARE-dependent vesicle docking. Transfer to GO:0160321 vesicle docking activity is well-supported.
MGI	MGI:MGI:1918959	Syde1	PMID:23791195		GO:0016081	synaptic vesicle docking	IMP	MGI:MGI:4841821	MGI:MGI:1918959	PANTHER:PTHR46150	20140203		NCBITaxon:10090	TRANSFER GO:0160321 vesicle docking activity	PMID:23791195 shows mSYD1A (Syde1) knockout mice have "significantly reduced vesicle docking and impaired transmission" at presynaptic terminals, with mSYD1A forming complexes with presynaptic receptor tyrosine phosphatases. Direct morphological evidence of reduced vesicle docking supports transfer to GO:0160321 vesicle docking activity.
MGI	MGI:MGI:1915058	Tprg1l	PMID:33431696		GO:0016081	synaptic vesicle docking	IMP	MGI:MGI:6385150	MGI:MGI:1915058	PANTHER:PTHR31108	20220802	GO:1990474	NCBITaxon:10090	TRANSFER GO:0160321 vesicle docking activity	PMID:33431696 shows Mover (Tprg1l) knockout mice have reduced evoked release and vesicular release probability, specifically regulating "superprimed vesicles" or tight-state docked vesicles at the calyx of Held. The IMP evidence with annotation extension GO:1990474 (docking of synaptic vesicle) supports transfer to GO:0160321 vesicle docking activity.
ParkinsonsUK-UCL	MGI:MGI:1930705	Stx1b	PMID:24133272		GO:0016081	synaptic vesicle docking	IGI	UniProtKB:O35526	MGI:MGI:1930705	PANTHER:PTHR19957	20140828	CL:0002608	NCBITaxon:10090	TRANSFER GO:0160321 vesicle docking activity	PMID:24133272 shows Syntaxin1 (Stx1b) titration produces "a smaller readily releasable pool size, slower refilling rate of primed vesicles, and lower release probability." Syntaxin1 is a core t-SNARE that directly mediates vesicle docking by forming trans-SNARE complexes. Transfer to GO:0160321 vesicle docking activity is appropriate.
ParkinsonsUK-UCL	MGI:MGI:1930705	Stx1b	PMID:24587181		GO:0016081	synaptic vesicle docking	IMP		MGI:MGI:1930705	PANTHER:PTHR19957	20160727	UBERON:0014554	NCBITaxon:10090	TRANSFER GO:0160321 vesicle docking activity	PMID:24587181 shows STX1B null mutants have "lower frequency of spontaneous quantal release" and reduced readily releasable pool. Syntaxin 1B is a t-SNARE directly involved in synaptic vesicle docking and fusion. Transfer to GO:0160321 vesicle docking activity is appropriate.
RGD	RGD:3949	Vamp2	PMID:23663838		GO:0016081	synaptic vesicle docking	IMP		RGD:3949	PANTHER:PTHR45701	20250612		NCBITaxon:10116	TRANSFER GO:0160321 vesicle docking activity	PMID:23663838 demonstrates purified synaptic vesicles fuse with target-SNARE membranes via VAMP2 (synaptobrevin). VAMP2 is the v-SNARE that directly mediates vesicle docking through trans-SNARE complex formation. Transfer to GO:0160321 vesicle docking activity is well-supported.
RGD	RGD:621005	Stx3	PMID:7690687		GO:0016081	synaptic vesicle docking	TAS		RGD:621005	PANTHER:PTHR19957	20050217		NCBITaxon:10116	TRANSFER GO:0160321 vesicle docking activity	PMID:7690687 identifies syntaxins as "a family of receptors for intracellular transport vesicles" concentrated at synaptic sites. Syntaxin 3 is a t-SNARE directly mediating vesicle docking via trans-SNARE complexes. Transfer to GO:0160321 vesicle docking activity is appropriate.
RGD	RGD:621019	Stx4	PMID:7690687		GO:0016081	synaptic vesicle docking	IDA		RGD:621019	PANTHER:PTHR19957	20050217		NCBITaxon:10116	TRANSFER GO:0160321 vesicle docking activity	PMID:7690687 identifies syntaxins as "a family of receptors for intracellular transport vesicles" and includes characterization of syntaxin 4. As a t-SNARE, Stx4 directly mediates vesicle docking via trans-SNARE complex formation. Transfer to GO:0160321 vesicle docking activity is appropriate.
SynGO	MGI:MGI:2152972	Rims2	PMID:21241895		GO:0016081	synaptic vesicle docking	IDA		MGI:MGI:2152972	PANTHER:PTHR12157	20240306	GO:0098978|UBERON:0002421	NCBITaxon:10090	TRANSFER GO:0160321 vesicle docking activity	PMID:21241895 shows RIM proteins (Rims1/Rims2) are essential active zone scaffolds; RIM-knockout mice show "severely impaired neurotransmitter release due to defective vesicle priming and reduced calcium channel localization." RIM proteins directly scaffold docking sites at the active zone. Transfer to GO:0160321 vesicle docking activity is supported.
SynGO	MGI:MGI:2152972	Rims2	PMID:21241895		GO:0016081	synaptic vesicle docking	IMP		MGI:MGI:2152972	PANTHER:PTHR12157	20240306	GO:0098978|UBERON:0002421	NCBITaxon:10090	TRANSFER GO:0160321 vesicle docking activity	PMID:21241895 shows RIM proteins (Rims1/Rims2) are essential active zone scaffolds; RIM-knockout mice show "severely impaired neurotransmitter release due to defective vesicle priming and reduced calcium channel localization." RIM proteins directly scaffold docking sites at the active zone. Transfer to GO:0160321 vesicle docking activity is supported.
SynGO	MGI:MGI:2152971	Rims1	PMID:21241895		GO:0016081	synaptic vesicle docking	IDA		MGI:MGI:2152971	PANTHER:PTHR12157	20240306	UBERON:0002421	NCBITaxon:10090	TRANSFER GO:0160321 vesicle docking activity	PMID:21241895 shows RIM proteins (Rims1/Rims2) are essential active zone scaffolds; RIM-knockout mice show "severely impaired neurotransmitter release due to defective vesicle priming and reduced calcium channel localization." RIM proteins directly scaffold docking sites at the active zone. Transfer to GO:0160321 vesicle docking activity is supported.
SynGO	MGI:MGI:2152971	Rims1	PMID:21241895		GO:0016081	synaptic vesicle docking	IMP		MGI:MGI:2152971	PANTHER:PTHR12157	20240306	UBERON:0002421	NCBITaxon:10090	TRANSFER GO:0160321 vesicle docking activity	PMID:21241895 shows RIM proteins (Rims1/Rims2) are essential active zone scaffolds; RIM-knockout mice show "severely impaired neurotransmitter release due to defective vesicle priming and reduced calcium channel localization." RIM proteins directly scaffold docking sites at the active zone. Transfer to GO:0160321 vesicle docking activity is supported.
SynGO	MGI:MGI:1313277	Vamp2	PMID:25374362		GO:0016081	synaptic vesicle docking	IDA		MGI:MGI:1313277	PANTHER:PTHR45701	20240306	UBERON:0002421	NCBITaxon:10090	TRANSFER GO:0160321 vesicle docking activity	PMID:25374362 uses electron tomography to show that vesicle docking requires all three neuronal SNAREs including VAMP2 (synaptobrevin), and that "membrane-attached vesicles comprise the readily releasable pool." VAMP2 directly mediates vesicle docking via trans-SNARE complex formation. Transfer to GO:0160321 vesicle docking activity is well-supported.
SynGO	MGI:MGI:1313277	Vamp2	PMID:25374362		GO:0016081	synaptic vesicle docking	IMP		MGI:MGI:1313277	PANTHER:PTHR45701	20240306	UBERON:0002421	NCBITaxon:10090	TRANSFER GO:0160321 vesicle docking activity	PMID:25374362 uses electron tomography to show that vesicle docking requires all three neuronal SNAREs including VAMP2 (synaptobrevin), and that "membrane-attached vesicles comprise the readily releasable pool." VAMP2 directly mediates vesicle docking via trans-SNARE complex formation. Transfer to GO:0160321 vesicle docking activity is well-supported.
SynGO	MGI:MGI:1201686	Ctbp2	PMID:26929012		GO:0016081	synaptic vesicle docking	IDA		MGI:MGI:1201686	PANTHER:PTHR46029	20240306	GO:0098684	NCBITaxon:10090	REVIEW	PMID:26929012 shows RIBEYE (encoded by Ctbp2) deletion abolishes synaptic ribbons in retinal synapses and impairs neurotransmitter release; RIBEYE is the main structural protein of ribbons, not a SNARE or direct docking factor per se. The evidence at ribbon synapses concerns ribbon-based vesicle organization (scaffolding) rather than the direct docking mechanism. REVIEW recommended before assigning GO:0160321.
SynGO	MGI:MGI:1201686	Ctbp2	PMID:26929012		GO:0016081	synaptic vesicle docking	IMP		MGI:MGI:1201686	PANTHER:PTHR46029	20240306	GO:0098684	NCBITaxon:10090	REVIEW	PMID:26929012 shows RIBEYE deletion abolishes synaptic ribbons and impairs neurotransmitter release; RIBEYE is the structural ribbon protein not a direct docking factor. Evidence is for ribbon scaffold function at retinal synapses. REVIEW recommended before assigning GO:0160321.
SynGO	MGI:MGI:1924037	Ppfia3	PMID:29439199		GO:0016081	synaptic vesicle docking	IDA		MGI:MGI:1924037	PANTHER:PTHR12587	20240306	UBERON:0002421	NCBITaxon:10090	TRANSFER GO:0160321 vesicle docking activity	PMID:29439199 shows Liprin-α3 (Ppfia3) knockout mice exhibit "diminished synaptic vesicle anchoring and impaired exocytosis in hippocampal neurons" with direct ultrastructural evidence of reduced vesicle docking. Liprin-α3 is an active zone scaffold protein that directly controls vesicle docking. Transfer to GO:0160321 vesicle docking activity is well-supported.
SynGO	MGI:MGI:1924037	Ppfia3	PMID:29439199		GO:0016081	synaptic vesicle docking	IMP		MGI:MGI:1924037	PANTHER:PTHR12587	20240306	UBERON:0002421	NCBITaxon:10090	TRANSFER GO:0160321 vesicle docking activity	PMID:29439199 shows Liprin-α3 (Ppfia3) knockout mice exhibit "diminished synaptic vesicle anchoring and impaired exocytosis in hippocampal neurons" with direct ultrastructural evidence of reduced vesicle docking. Liprin-α3 is an active zone scaffold protein that directly controls vesicle docking. Transfer to GO:0160321 vesicle docking activity is well-supported.
UniProt	UniProtKB:Q9UL45	BLOC1S6	PMID:10610180		GO:0016081	synaptic vesicle docking	NAS		UniProtKB:Q9UL45	PANTHER:PTHR31328	20011008		NCBITaxon:9606	REVIEW	PMID:10610180 shows pallidin (BLOC1S6) interacts with syntaxin 13, a t-SNARE involved in vesicle docking and fusion. Pallidin is not itself a SNARE or direct docking factor; the NAS annotation relies on indirect interaction evidence. REVIEW recommended before assigning GO:0160321.
UniProt	UniProtKB:O15079	SNPH	PMID:10707983		GO:0016081	synaptic vesicle docking	NAS		UniProtKB:O15079	PANTHER:PTHR16208	20010810		NCBITaxon:9606	NOT GO:0160321	PMID:10707983 shows syntaphilin (SNPH) "competes with SNAP-25 for binding to syntaxin-1 and inhibits SNARE complex formation by absorbing free syntaxin-1." SNPH is a negative regulator/inhibitor of SNARE-mediated docking/fusion. Overexpression reduces neurotransmitter release. This should be NOT GO:0160321 or annotated as a negative regulator of vesicle docking activity.
UniProt	RGD:69430	Stx1a	PMID:1321498		GO:0016081	synaptic vesicle docking	IEP		RGD:69430	PANTHER:PTHR19957	20030317		NCBITaxon:10116	REVIEW	PMID:1321498 identifies syntaxins (p35/Stx1a) as "synaptic protein implicated in docking of synaptic vesicles at presynaptic active zones" based on interaction with synaptotagmin and localization at synaptic sites. However, the evidence type is IEP (expression pattern), which provides only weak support for molecular docking activity. Stx1a is a well-established t-SNARE, but IEP is insufficient to directly support GO:0160321. REVIEW recommended; the IDA/IPI evidence from other sources would support transfer.
UniProt	UniProtKB:P60880	SNAP25	PMID:8760387		GO:0016081	synaptic vesicle docking	NAS		UniProtKB:P60880	PANTHER:PTHR19305	20041203		NCBITaxon:9606	TRANSFER GO:0160321 vesicle docking activity	PMID:8760387 identifies SNAP-25 isoforms alongside syntaxin 4 and synaptobrevin in insulin-responsive tissues and demonstrates SNARE interactions. SNAP-25 is a core t-SNARE directly mediating vesicle docking via trans-SNARE complex formation. Transfer to GO:0160321 vesicle docking activity is appropriate for this well-established docking factor.
UniProt	RGD:3751	Sptbn2	PMID:9704016		GO:0016081	synaptic vesicle docking	TAS		RGD:3751	PANTHER:PTHR11915	20020117		NCBITaxon:10116	REVIEW	PMID:9704016 identifies beta spectrin isoform (Sptbn2) as a Munc13-interacting protein enriched in the synaptic vesicle and plasma membrane fractions, suggesting cytoskeletal support for exocytosis. Spectrin is a structural cytoskeletal protein; the interaction with Munc13 implies an indirect role in supporting docking machinery but does not constitute vesicle docking activity itself. REVIEW recommended.
WB	WB:WBGene00006757	unc-18	PMID:12973353		GO:0016081	synaptic vesicle docking	IMP	WB:WBVar00088820|WB:WBVar00142951|WB:WBVar00143053	WB:WBGene00006757	PANTHER:PTHR11679	20060301		NCBITaxon:6239	TRANSFER GO:0160321 vesicle docking activity	PMID:12973353 directly demonstrates "a reduction of docked vesicles at the active zone in unc-18 mutants" in C. elegans, establishing that UNC-18 (Sec1/Munc18 ortholog) directly facilitates the vesicle docking step. Transfer to GO:0160321 vesicle docking activity is well-supported.
SGD	SGD:S000001662	COY1	PMID:31073031		GO:0048211	Golgi vesicle docking	IDA		SGD:S000001662	PANTHER:PTHR14043	20200110		NCBITaxon:559292	TRANSFER GO:0160321 vesicle docking activity	PMID:31073031 shows yeast golgin Coy1 "assembles into a docking platform directing vesicles toward cognate SNAREs" by binding retrograde Q-SNAREs and the COG complex. Coy1 acts as a golgin tether/docking factor for Golgi vesicles. Transfer to GO:0160321 vesicle docking activity is appropriate (noting Coy1 has golgin tethering features but the paper explicitly describes it as forming a "docking platform").
SGD	SGD:S000002216	USO1	PMID:9545229		GO:0048211	Golgi vesicle docking	IDA		SGD:S000002216	PANTHER:PTHR10013	20130807		NCBITaxon:559292	TRANSFER GO:7770062 vesicle membrane tethering activity	PMID:9545229 directly demonstrates that "initial vesicle docking of ER-derived vesicles, termed tethering, depends on Uso1p and Ypt1p but is independent of SNARE proteins." Uso1p (p115 ortholog) is a long coiled-coil tethering factor, not a SNARE-based docking factor. Transfer to GO:0099023 vesicle tethering activity is well-supported.
SGD	SGD:S000001856	YPT1	PMID:9545229		GO:0048211	Golgi vesicle docking	IMP		SGD:S000001856	PANTHER:PTHR24073	20130807		NCBITaxon:559292	TRANSFER GO:7770062 vesicle membrane tethering activity	PMID:9545229 directly demonstrates that "initial vesicle docking of ER-derived vesicles, termed tethering, depends on Uso1p and Ypt1p but is independent of SNARE proteins." YPT1 (Rab1 ortholog) is a GTPase regulating tethering, not a direct docking factor. Transfer to GO:0099023 vesicle tethering activity is well-supported.
BHF-UCL	UniProtKB:P51636	CAV2	PMID:12743374		GO:0048278	vesicle docking	IDA		UniProtKB:P51636	PANTHER:PTHR10844	20080214		NCBITaxon:9606	REVIEW	PMID:12743374 shows caveolin-2 phosphorylation regulates caveolin-1-dependent caveolae biogenesis; "mutation of these phosphorylation sites decreased plasmalemma-attached caveolae while increasing noncoated vesicle accumulation." CAV2 regulates caveolae assembly dynamics, not classical vesicle docking. The annotation to vesicle docking is questionable; caveolae formation is distinct from transport vesicle docking. REVIEW recommended.
BHF-UCL	MGI:MGI:2384590	Ndrg4	PMID:24048452		GO:0048278	vesicle docking	IMP		MGI:MGI:2384590	PANTHER:PTHR11034	20141128	UBERON:0002348	NCBITaxon:10090	REVIEW	PMID:24048452 shows the Bves/NDRG4 interaction mediates recycling endosome fusion at the basal cell surface for fibronectin recycling; "this interaction enables recycling endosome fusion with basal cell surface." NDRG4 appears to function in recycling endosome trafficking rather than classical secretory vesicle docking. REVIEW recommended; evidence for endosome-to-plasma-membrane docking but not direct docking activity by NDRG4.
BHF-UCL	MGI:MGI:1346013	Popdc1	PMID:24048452		GO:0048278	vesicle docking	IMP		MGI:MGI:1346013	PANTHER:PTHR12101	20141128	UBERON:0002348	NCBITaxon:10090	REVIEW	PMID:24048452 shows the Bves (Popdc1)/NDRG4 interaction mediates recycling endosome fusion with the basal cell surface. Bves/Popdc1 is the interacting partner in this complex but its direct role in vesicle docking activity is not clearly established. REVIEW recommended.
ComplexPortal	SGD:S000003092	MON1	PMID:12364329		GO:0048278	vesicle docking	NAS		SGD:S000003092	PANTHER:PTHR13027	20240827		NCBITaxon:559292	TRANSFER GO:0160321 vesicle docking activity	PMID:12364329 demonstrates the Ccz1-Mon1 complex is required for the late step of multiple vacuole delivery pathways, functioning "after vesicle formation but before or during vacuolar fusion." The complex is required for docking/fusion steps at the vacuole membrane. Transfer to GO:0160321 vesicle docking activity is appropriate.
ComplexPortal	SGD:S000000335	CCZ1	PMID:12364329		GO:0048278	vesicle docking	NAS		SGD:S000000335	PANTHER:PTHR13056	20240827		NCBITaxon:559292	TRANSFER GO:0160321 vesicle docking activity	PMID:12364329 demonstrates the Ccz1-Mon1 complex is required for the late step of multiple vacuole delivery pathways, functioning "after vesicle formation but before or during vacuolar fusion." The complex is required for docking/fusion steps at the vacuole membrane. Transfer to GO:0160321 vesicle docking activity is appropriate.
ComplexPortal	SGD:S000218061	CPX-1674	PMID:12364329		GO:0048278	vesicle docking	NAS				20240827		NCBITaxon:559292	TRANSFER GO:0160321 vesicle docking activity	PMID:12364329 demonstrates the Ccz1-Mon1 complex (CPX-1674) is required for the late step of multiple vacuole delivery pathways. Transfer to GO:0160321 vesicle docking activity is appropriate.
DisProt	RGD:3803	Syt1	PMID:24001110		GO:0048278	vesicle docking	IMP		RGD:3803	PANTHER:PTHR10024	20220228		NCBITaxon:10116	TRANSFER GO:0160321 vesicle docking activity	PMID:24001110 shows that the synaptotagmin 1 linker region "proves essential for calcium-independent docking and calcium-dependent pore opening" using single-vesicle assays, with specific mutations affecting these steps. Syt1 directly mediates vesicle docking as a calcium sensor; the linker facilitates docking by bridging membranes. Transfer to GO:0160321 vesicle docking activity is well-supported.
RGD	RGD:3803	Syt1	PMID:22229667		GO:0048278	vesicle docking	IDA		RGD:3803	PANTHER:PTHR10024	20130110		NCBITaxon:10116	TRANSFER GO:0160321 vesicle docking activity	PMID:22229667 uses single-vesicle assays to show Syt1 "stimulated lipid mixing 3-10-fold without Ca2+" and that "calcium-dependent enhancement primarily affected docking rather than lipid mixing." Syt1 directly mediates calcium-dependent vesicle docking. Transfer to GO:0160321 vesicle docking activity is well-supported.
RGD	RGD:3803	Syt1	PMID:24973220		GO:0048278	vesicle docking	IDA		RGD:3803	PANTHER:PTHR10024	20250603		NCBITaxon:10116	TRANSFER GO:0160321 vesicle docking activity	PMID:24973220 shows full-length Syt1 forms membrane-associated oligomers and that "reconstituted Syt1 captures negatively charged vesicles in a calcium-dependent manner." Syt1 directly mediates vesicle docking at the plasma membrane as the primary calcium sensor. Transfer to GO:0160321 vesicle docking activity is well-supported.
SGD	SGD:S000003092	MON1	PMID:14662743		GO:0048278	vesicle docking	IMP		SGD:S000003092	PANTHER:PTHR13027	20130807		NCBITaxon:559292	TRANSFER GO:0160321 vesicle docking activity	PMID:14662743 shows the Ccz1-Mon1 complex is "critical for the Ypt7-dependent tethering/docking stage" of vacuole fusion, with vacuoles from ccz1 and mon1 mutants failing to reach tethering/docking. Transfer to GO:0160321 vesicle docking activity is appropriate (the paper explicitly identifies the tethering/docking stage as the point of defect).
SGD	SGD:S000000335	CCZ1	PMID:14662743		GO:0048278	vesicle docking	IMP		SGD:S000000335	PANTHER:PTHR13056	20130807		NCBITaxon:559292	TRANSFER GO:0160321 vesicle docking activity	PMID:14662743 shows the Ccz1-Mon1 complex is "critical for the Ypt7-dependent tethering/docking stage" of vacuole fusion, with vacuoles from ccz1 and mon1 mutants failing to reach tethering/docking. Transfer to GO:0160321 vesicle docking activity is appropriate.
SGD	SGD:S000005703	MPC54	PMID:20826607		GO:0048278	vesicle docking	IMP		SGD:S000005703		20130807		NCBITaxon:559292	TRANSFER GO:0160321 vesicle docking activity	PMID:20826607 shows MPC54 N-terminal mutations cause "precursor vesicles loosely tethered to the MOP but did not contact its surface," establishing that MPC54 is required for vesicle docking (close membrane apposition) to the spindle pole body's meiosis II outer plaque. Transfer to GO:0160321 vesicle docking activity is well-supported by direct morphological evidence.
SGD	SGD:S000004388	VPS33	PMID:9245783		GO:0048278	vesicle docking	IGI	SGD:S000005632	SGD:S000004388	PANTHER:PTHR11679	20130807		NCBITaxon:559292	TRANSFER GO:0160321 vesicle docking activity	PMID:9245783 shows VAM3/VPS33 genetic interactions; VPS33 is an SM protein (Sec1/Munc18 family) that cooperates with the vacuolar syntaxin Vam3p in directing vesicle docking and fusion at the vacuole. SM proteins directly participate in SNARE-mediated vesicle docking. Transfer to GO:0160321 vesicle docking activity is appropriate.
SGD	SGD:S000005632	VAM3	PMID:9245783		GO:0048278	vesicle docking	IGI	SGD:S000004388	SGD:S000005632	PANTHER:PTHR19957	20130807		NCBITaxon:559292	TRANSFER GO:0160321 vesicle docking activity	PMID:9245783 shows Vam3p is a vacuolar syntaxin homologue essential for docking and fusion of multiple transport intermediates to the vacuole; temperature-sensitive vam3 mutants show "an immediate block in protein transport." As a t-SNARE, Vam3p directly mediates vesicle docking. Transfer to GO:0160321 vesicle docking activity is well-supported.
UniProt	MGI:MGI:109355	Stx1a	PMID:17502420		GO:0048278	vesicle docking	IMP		MGI:MGI:109355	PANTHER:PTHR19957	20190307		NCBITaxon:10090	TRANSFER GO:0160321 vesicle docking activity	PMID:17502420 shows Synt1A-knockout mice have reduced pre-docked insulin granules with absent first-phase fusion, and that "previously docked insulin granules fused at the site of syntaxin (Synt)1A clusters during the first phase." Syntaxin 1A (Stx1a) directly mediates vesicle docking at syntaxin clusters. Transfer to GO:0160321 vesicle docking activity is well-supported.
UniProt	UniProtKB:Q9Y592	CEP83	PMID:23530209		GO:0048278	vesicle docking	IMP		UniProtKB:Q9Y592	PANTHER:PTHR23170	20130614		NCBITaxon:9606	TRANSFER GO:0160321 vesicle docking activity	PMID:23530209 demonstrates that CEP83/CCDC41 is essential for ciliary vesicle docking to the mother centriole; "depletion of CCDC41 or IFT20 inhibits ciliogenesis at the ciliary vesicle docking step." CEP83 directly mediates vesicle docking to the centriole. Transfer to GO:0160321 vesicle docking activity is well-supported.
SynGO-UCL	MGI:MGI:1342278	Unc13b	PMID:26575293	not	GO:0061790	dense core granule docking	IGI	UniProtKB:Q4KUS2	MGI:MGI:1342278	PANTHER:PTHR10480	20160912		NCBITaxon:10090	NOT GO:0160321	PMID:26575293 shows that in chromaffin cells, Munc13-deficiency does not produce a vesicle docking defect for LDCVs (unlike for synaptic vesicles): "chromaffin cells do not exhibit a vesicle docking defect" in the absence of Munc13-2 or Munc13-1. This is a NOT annotation for dense core granule docking; Unc13b (Munc13-2) is NOT required for LDCV docking in chromaffin cells. NOT GO:0160321 vesicle docking activity is appropriate.
SynGO-UCL	MGI:MGI:3051532	Unc13a	PMID:26575293	not	GO:0061790	dense core granule docking	IGI	UniProtKB:Q9Z1N9	MGI:MGI:3051532	PANTHER:PTHR10480	20160912		NCBITaxon:10090	NOT GO:0160321	PMID:26575293 shows that in chromaffin cells, Munc13-deficiency does not produce a vesicle docking defect for LDCVs (unlike for synaptic vesicles): "chromaffin cells do not exhibit a vesicle docking defect" in the absence of Munc13-2 or Munc13-1. This is a NOT annotation for dense core granule docking; Unc13a (Munc13-1) is NOT required for LDCV docking in chromaffin cells. NOT GO:0160321 vesicle docking activity is appropriate.
UniProt	MGI:MGI:107537	Cln3	PMID:26450516		GO:0090384	phagosome-lysosome docking	IMP		MGI:MGI:107537	PANTHER:PTHR10981	20191205		NCBITaxon:10090	REVIEW	PMID:26450516 shows that in Cln3-null mice, "phagosomes frequently docked to lysosomes but failed to merge their contents," indicating a defect in phagosome-lysosome fusion rather than docking per se. CLN3 appears to function in lysosome degradative capacity/fusion rather than as a direct docking factor. REVIEW recommended; the evidence supports a post-docking fusion defect.
RGD	RGD:3785	Stxbp1	PMID:22810233		GO:0106022	positive regulation of vesicle docking	IDA		RGD:3785	PANTHER:PTHR11679	20170512		NCBITaxon:10116	TRANSFER GO:0160321 vesicle docking activity	PMID:22810233 demonstrates that Munc18-1 (Stxbp1) "accelerates trans-SNARE complex (SNAREpin) assembly" after vesicle docking by synaptotagmin 1, and that "vesicle docking by synaptotagmin 1 is a prerequisite for Munc18-1 to accelerate SNAREpin assembly." Munc18-1 directly promotes vesicle docking activity. Transfer to GO:0160321 vesicle docking activity is appropriate (the IDA annotation supports direct docking activity promotion).
